Time elapsed was 72ns or 0.000000072s,72
Time elapsed was 235ns or 0.000000235s,235
Time elapsed was 61ns or 0.000000061s,61
Time elapsed was 220ns or 0.000000220s,220
Time elapsed was 203ns or 0.000000203s,203
Time elapsed was 197ns or 0.000000197s,197
Time elapsed was 179ns or 0.000000179s,179
Time elapsed was 225ns or 0.000000225s,225
Time elapsed was 216ns or 0.000000216s,216
Time elapsed was 41ns or 0.000000041s,41
